{"cameraMode":{"drawMode":0,"name":"Shaded","section":"Shading Mode"},"sceneLighting":true,"audioPlay":false,"sceneViewState":{"m_AlwaysRefresh":false,"showFog":true,"showSkybox":true,"showFlares":true,"showImageEffects":true,"showParticleSystems":true,"showVisualEffectGraphs":true,"m_FxEnabled":true},"in2DMode":false,"pivot":{"x":1.0064908266067505,"y":-9.312592506408692,"z":2.255052089691162},"rotation":{"x":-0.5648989081382752,"y":0.0004935146425850689,"z":-0.00033792914473451674,"w":-0.8251615166664124},"size":8.89594841003418,"orthographic":false}